VENDOR,PARTNUMBER,Description,LOCATION,QUANTITY,CONDITION
HUAWEI,01071773,PDB480D-16DC Chassis,150122PILv,1,SPARE
HUAWEI,014130196,Optical Cable LC-SC-10MT-SINGLE MODE ,150122PILv,67,SPARE
ERAT,014130276,Optical Cable SC-LC-30MT-SINGLE MODE ,150122PILv,42,SPARE
HUAWEI,014130280,Optical Cable LC-SC-20MT SINGLE MODE ,150122PILv,100,SPARE
JONHON,014130282,Optical Cable SINGLE MODE LC-LC-30MT ,150122PILv,8,SPARE
HUAWEI,014130296,Optical Cable LC-LC-5MT MULTIMODE  ,150122PILv,35,SPARE
HUAWEI,014130368,Optical Cable LC-SC-15MT-SINGLE MODE ,150122PILv,150,SPARE
HUAWEI,014130369,Optical Cable multi MODE SC-LC-20MT,150122PILv,120,SPARE
HUAWEI,014130425,Optical Cable Single Mode LC-SC-50 mt,150122PILv,306,SPARE
HUAWEI,014130505,FIBER TYPE CABLE FC-SC 20MT ,150122PILv,649,SPARE
HUAWEI,014130594,Optical Cable MULTIMODE LC-LC-1MT ,150122PILv,15,SPARE
HUAWEI,014130600,Optical Cable LC-SC-15MT SINGLE MODE ,150122PILv,620,SPARE
HUAWEI,014130616,Optical Cable MULTI MODE LC-LC Armoured 10MT,150122PILv,7,SPARE
HUAWEI,014130640,Optical Cable LC-LC-30MT-SINGLE MODE ,150122PILv,1,SPARE
HUAWEI,014130643,Optical Cable SINGLE MODE 30MT UPC-UPC,150122PILv,40,SPARE
HUAWEI,014130645,Optical Cable DLC / UPC single mode 50mT,150122PILv,0,SPARE
HUAWEI,014130647,Optical Cable  -DLC/UPC -DLC/UPC -single mode -70mt,150122PILv,10,SPARE
HUAWEI,014130650,Optical Cable DLC/UPC - Single Mode 9/125um - 150mt,150122PILv,51,SPARE
HUAWEI,014130670,Optical Cable LC-LC-20MT-SINGLE MODE ,150122PILv,420,SPARE
HUAWEI,014130792,Optical Cable LC-LC MULTI MODE Armoured,150122PILv,12,SPARE
HUAWEI,014130801,Optical Cable LC-SC-40MT-SM Single mode ,150122PILv,160,SPARE
HUAWEI,014130863,Optical Cable MULTIMODE LC-LC-30MT,150122PILv,45,SPARE
HUAWEI,02100054,BTS ENVIRONMENT MONITOR UNIT (EMU),150122PILv,29,SPARE
HUAWEI,021124718,RRU KIT  50CM*12CM*1CM Wall Mount Kit,150122PILv,41,SPARE
HUAWEI,02113718,BTS 3900 Chassis (VER. D - DC -48 V),150122PILv,99,SPARE
HUAWEI,02113719,BTS3900L Chassis,150122PILv,4,SPARE
HUAWEI,02114225,12U Probe Server Base Configuration Chassis,150122PILv,2,SPARE
HUAWEI,02114391,Antenna,150122PILv,5,SPARE
HUAWEI,021150754,BTS Support Mount Kit,150122PILv,50,SPARE
HUAWEI,021152421,WD2K000EIK04 V3R6 Outdoor Base GSM-R,VODAFONE,18,SPARE
HUAWEI,02120472,DC POWER DISTRIBUTION UNIT - DCDU-03B,150124TJKn,1,SPARE
HUAWEI,02120725,HERT WD2MUFAN03C FAN,150122PILv,118,SPARE
HUAWEI,02120730,DCDU-12A,150122PILv,115,SPARE
HUAWEI,02121774,DPD80-16-16 DC Power Distribution Box,150122PILv,8,SPARE
HUAWEI,02121775,FAN-HERT MPE-WD2E15FAN-OFU03D.,150122PILv,71,SPARE
HUAWEI,02122720,DCDU16D,150122PILv,5,SPARE
HUAWEI,02230CJP,IFODU-5D01 -  Installation Accessories(5D) Assembly Kit,150122PILv,370,SPARE
HUAWEI,02231CRN,SPM60A AC Lightning protection box,150122PILv,44,SPARE
HUAWEI,02231EPA,Power connector -WaterProof Round Connector kit,150122PILv,32,SPARE
HUAWEI,02231GJH,WD2M00EEUM00 Embedded Environment Monitoring Unit,150122PILv,94,SPARE
HUAWEI,02232DLB,QWMP4310AAU0  DIN-4.3-10 ADAPTER JUMPER KIT,150122PILv,121,SPARE
HUAWEI,02232PAN,MPE AUX METERIALS KIT FOR BBU 5900,150122PILv,250,SPARE
HUAWEI,02232WES,OXC Cleaning Tools Kit (Mandatory Component For OXC Subrack),VODAFONE,3,SPARE
HUAWEI,02233CEL,GPS Antenna,150122PILv,5,SPARE
HUAWEI,02234854,"DBS 1/2"" SuperFlexible Cable -Antenna Feeder Accessories Kit Per Sector",150122PILv,210,SPARE
HUAWEI,02234858,SBT Kit with AISG CABLE,150122PILv,145,SPARE
HUAWEI,02236527,ALARM UNIT,150122PILv,10,SPARE
HUAWEI,02237428,DBS Antenna FEEDER INST AUX Assembling Kit ,150122PILv,178,SPARE
HUAWEI,02239135,IFODU-5D00 -  INSTALLATION ACCESSORIES(5D) Assembly Kit,150122PILv,135,SPARE
HUAWEI,02270082,DC/DC POWER Module 100W W0POWER01,150122PILv,3,SPARE
HUAWEI,02300562,PARC BASE SHELF WP1K1PBCS,150122PILv,1,SPARE
HUAWEI,02300704,TN53AFB Assembly Subrack(OSN 8800 T32 Enhanced),150124TJKn,1,SPARE
HUAWEI,02310BTQ,N/A,150122PILv,99,SPARE
HUAWEI,02310CNK,LS5MPSD17  Power Module 170W DC,150122PILv,536,SPARE
HUAWEI,02310JLJ,AR01SLV1XA  1-Port VDSL2 over POTS WAN Interface Module,150122PILv,60,SPARE
HUAWEI,02310JWY,WRFUE For WCDMA 2100mhz (2*80w) 3G Qwmmwrfu8101,150124TJKn,2,SPARE
HUAWEI,02310LHN,IT11002K5P00 2500W Server DC Power Supply Module,150122PILv,6,SPARE
HUAWEI,02310PWC,"ANPM000AOC00
ATN 905A System -Outdoor -AC -2*GE/FE Combo -2*GE/FE(o) -2*GE(o).",150122PILv,97,SPARE
HUAWEI,02310QXA,MPW800-48A-1 -AC/DC POWER  Module,150122PILv,5,SPARE
HUAWEI,02310SFM,WD2M00PEIUD2 Power And Environment Interface Unit,150122PILv,962,SPARE
HUAWEI,02310UMD,SERVER E9000 SHELF Module(6*AC POWER 14*FAN B,150122PILv,1,SPARE
HUAWEI,02310VTE,WD2M048BBU10 BBU3910 Box,150122PILv,73,SPARE
HUAWEI,02311CNP,PM2200W DC Power Supply,150122PILv,6,SPARE
HUAWEI,02311CPG,LRFUe for LTE 2600MHz (2*60W),150122PILv,19,SPARE
HUAWEI,02311DYK,MRFUD FOR MULTI-MODE 1800MHZ,150122PILv,15,SPARE
HUAWEI,02311QRL,Antenna pRRU3911-WD6MXAAD6AV0,150122PILv,88,SPARE
HUAWEI,02312ESG,OPTIX RTN 320 F OAU 2 F,150122PILv,42,SPARE
HUAWEI,02312RMS,TaiShan 200 (Model 2280) 512G Standard Configuration(2*Kunpeng 920-64Core@2.6GHz CPU -16*32G Memory -12*1200GB SAS HDD -Avgo3508(2G cache)+SuperCap -2*4 GE -2*4 10GE/25GE SFP+ -2*2000W AC).,150122PILv,2,SPARE
HUAWEI,02315204,Optical Transceiver -eSFP -GE -Multi-mode Module(850nm -0.55km -LC),150122PILv,750,SPARE
HUAWEI,02315639,WD2M00UEIU00 Universal Environment Interface Control Unit,150122PILv,348,SPARE
HUAWEI,02319419,IPCLK SERVER Module DUAL WITHOUT GPS QW3MM00PCKS03,150122PILv,3,SPARE
HUAWEI,02351606,24*E1/T1 DB100 to RJ48 Port Conversion Box,150122PILv,48,SPARE
HUAWEI,025030581,Power Cable - 600V/1000V - ROV-K - 2x4mm^2 - BLACK,150122PILv,700,SPARE
HUAWEI,025050238,CAT5E CABLE 305 MT  SYMMETRY TWIST OUTDOOR SFTP,150122PILv,4,SPARE
HUAWEI,027010829,Directional Antenna -DXX-790-960/1710-2180-65/65-15i/17.5i-M/M -4*7/16 DIN Female -Downtilt kit packed separately,150122PILv,17,SPARE
HUAWEI,03020MNS,AR0MXEGFTA00 24-Port 10/100/1000 Base RJ45 Ethernet Switch,150122PILv,10,SPARE
HUAWEI,03020PPD,TNDD00CXPH00 System Control.Cross-connect and Multi-protocol Process Unit(120ohm),150124TJKn,1,SPARE
HUAWEI,03020UGQ,TNH2SL4D - 2*STM-4 Optical Interface Board,150122PILv,2,SPARE
HUAWEI,03020WQV,SLB1PIU RTN 980 Power Interface Unit,150124TJKn,3,SPARE
HUAWEI,03021CGE,TN16SCC System Control and Communication Board,150122PILv,95,SPARE
HUAWEI,03021FSF,TN52UXCH - OSN 8800 3.2T Universal Cross Connect Board-ODUk -PKT -VC4,150122PILv,1,SPARE
HUAWEI,03021HER, TNF1OBU C-BAND Optical Booster Unit (MAX -3dBm IN and 20dBm OUT -Gain 23dB),150122PILv,1,SPARE
HUAWEI,03021PFK,SL91ISV3 Versatile IF Board,150124TJKn,5,SPARE
HUAWEI,03021VCC,AR-4ES2G-S 4-Port 1000-RJ45 L2 Ethernet Interface BOARD(SIC),150122PILv,35,SPARE
HUAWEI,03021YUV,CE-SFU12A CE12812 Switch Fabric Unit A,150122PILv,14,SPARE
HUAWEI,03021YVH,TNM1EGS4 - 4-port Gigabit Ethernet Switching Processing Board,150122PILv,2,SPARE
HUAWEI,03022ACJ,HERT BBU -WD22UBRIb - Universal BaseBand Radio Interface Board type B,150122PILv,225,SPARE
HUAWEI,03022AUH,TN12AUX - OSN 8800 System Auxiliary Interface Board,150122PILv,1,SPARE
HUAWEI,03022JGB,WRONG PN,150122PILv,3,SPARE
HUAWEI,03022PYL,TNF1CE601 6-ports Encrypted Optical Board,150122PILv,1,SPARE
HUAWEI,03022TLJ,SLF2CSHO 16*E1(TDM)/2*STM-1(SFP)/4*GE(RJ45)/2*GE(SFP) Hybrid System Control and Cross-connect Board,150124TJKn,11,SPARE
HUAWEI,03022VHK,SL91ISM6 Versatile Dual IF Board,150124TJKn,3,SPARE
HUAWEI,030230MNS,03020MNS,150122PILv,0,SPARE
HUAWEI,03023GHT,SL91EM6D RTN 950 2*10GE/GE+4*GE Ethernet Service Processing Board with Super Dual Band Feature,150124TJKn,3,SPARE
HUAWEI,03023NRR,TN52SRAPXF SUPER EXTENED C-BAND BACKWARD RAMAN BASE BOARD WITH 1 PLUGGABLE ERBIUM DOPED FIBER HYBRID OPTICAL AMPLIFIER AND XFIU (RAMAN GAIN 14-18DB FOR G.652),150122PILv,0,SPARE
HUAWEI,03024HRC,SL91EM6 4*GE(SFP/RJ45)+2*FE(RJ45) Gigabit Ethernet Board with switch function RTN 950a,150124TJKn,12,SPARE
HUAWEI,03024LTC,TN52DAP EXTENTED C BAND OA BASE Board,150122PILv,2,SPARE
HUAWEI,03024QLM,SL91ISM8 Versatile Dual IF Board RTN 950a,150124TJKn,49,SPARE
HUAWEI,03024QLU,SL91CSHUF| TDM/HYBRID/PACKET LARGE CAPACITY SYSTEM CONTROL AND CROSS-CONNECT BOARD,150124TJKn,23,SPARE
HUAWEI,03024RHJ,BASEBAND PROCESSING AND INTERFACE UNIT-wd2dubbpf100,150124TJKn,2,SPARE
HUAWEI,03024YKV,TMP1CTU01 System Control and Communication Board With Clock Processing Function,VODAFONE,3,SPARE
HUAWEI,03030ESS,TN11OBU101 OSN 6800 C-BAND Optical Booster Unit ,150122PILv,1,SPARE
HUAWEI,03030HAM,TN11DCU05 Dispersion Compensation Unit (E - 100km -for G.652),150122PILv,3,SPARE
HUAWEI,03030HSS,NO REFERENCE,150122PILv,1,SPARE
HUAWEI,03030LBV,CN21ETIA1  - UNIVERSAL REAR BOARD,150122PILv,2,SPARE
HUAWEI,03030MVG,TN12M4001 40-channel Multiplexing Board(C_ Even -196.00THz~192.10THz -100GHz -Thermal AWG -LC),150124TJKn,26,SPARE
HUAWEI,03030NHM,TN13OAU105 C-BAND Optical Amplifier Unit(MAX 0dBm IN and 23dBm OUT -Gain 23~34dB),150122PILv,4,SPARE
HUAWEI,03030NHS,TN12M4002 40-channel Multiplexing Board(C_Odd -196.05THz~192.15THz -100GHz -Thermal AWG -LC),150122PILv,0,SPARE
HUAWEI,03030NTD,TNM1PCXLX1606 STM-16 HYBRID SYSTEM CONTROL AND CROSS-CONNECT BOARD,150122PILv,2,SPARE
HUAWEI,03030PLN,CR5D00SP8010 Versatile Service Flexible Card (SP80) NE40E-X8,150122PILv,2,SPARE
HUAWEI,03030QBK,CR5D00E8GF71 03030QBK NE40E 8-Port 100/1000Base-X Interface Card,150122PILv,1,SPARE
HUAWEI,03030QBM,CR5D00C4CF71  4-Port Channelized STM-1c POS-SFP Physical Interface Card(PIC),150122PILv,1,SPARE
HUAWEI,03030QFK,TN52ND2T04	Double 10G Line Service Processing Board(AFEC -Super WDM -Tunable) -50GHz(800ps/nm -Rx1_PIN -Tx1_-3dBm~+2dBm -LC) OSN 8800,150122PILv,1,SPARE
HUAWEI,03030QLW,TN16FIU01 Fiber Interface Board ,150122PILv,4,SPARE
HUAWEI,03031LMU,TN13FIU03 Fiber Interface Board,150122PILv,1,SPARE
HUAWEI,03031RGC,TN12RAU201E  - C-BAND Backward Raman and Erbium Doped Fiber Hybrid Optical Amplifier Unit(MAX -2dBm LINE IN and MAX 20dBm OUT -Gain 30~41dB for G.652 -with fiber monitor interface),150124TJKn,3,SPARE
HUAWEI,03033FNP,TNG2UM4002	40-channel Multiplexing Board(Super C_odd - 196.6375THz~190.7875THz - - 150GHz - Thermal AWG) OSN 9800,150122PILv,4,SPARE
HUAWEI,03033FNR,TNG2UD4002	40-channel Demultiplexing Board(Super C_odd - 196.6375THz~190.7875THz - 150GHz - Thermal AWG),150122PILv,4,SPARE
HUAWEI,03033HCK,TMB1LDX01  2X10GB/S Wavelength Conversion Board NE40E-X3A,150122PILv,1,SPARE
HUAWEI,03033HED,TNS7N502C01 Programmable 2x200G/100G Hybrid Board,VODAFONE,10,SPARE
HUAWEI,03033TBC,TMP2CTU02 SYSTEM CONTROL AND COMMUNICATION BOARD WITH CLOCK PROCESSING FUNCTION ,VODAFONE,1,SPARE
HUAWEI,03033VFQ,OPTICAL CARD OXC 32 DEGREE *32-PORTS ADD AND DROP COLORLESS TMP2OT3232N01,150122PILv,4,SPARE
HUAWEI,03033VGS,OXC 32D OPTICAL LINE BOARD TMP2ON32S01,150122PILv,3,SPARE
HUAWEI,03050GVR,SL95CSHUF01 TDM-HYBRID-PACKET LARGE CAPACITY SYSTEM CONTROL AND CROSS-CONNECT BOARD,150122PILv,0,SPARE
HUAWEI,03052602,CN21MSPB0 MULTIMEDIA SERVICE PROCESS UNIT B 8GB MEMORY,150122PILv,2,SPARE
HUAWEI,03052781,SPUb Signalling Processing Unit,150122PILv,1,SPARE
HUAWEI,03052799,PARC WP11DPUE DATA PROCESSING UNIT REVe,150122PILv,3,SPARE
HUAWEI,03053067,WP11SCUb GE Switching and Control Unit REV:b,150122PILv,51,SPARE
HUAWEI,03053557,WP22MPUB4 - Main Processing Unit B4 - PGP,150122PILv,0,SPARE
HUAWEI,03054280,ANDD00EM8T00 8 Channels GE/FE Electric Interface Board,150122PILv,14,SPARE
HUAWEI,03054330,WP1D000TNU01 TDM Switching Network Unit,150122PILv,26,SPARE
HUAWEI,03054387,ANDD16E11202 16 Channels E1 Interface Board(120ohm),150122PILv,1,SPARE
HUAWEI,03054601,AE35X3 GE -10GE FC Exchange Rear Board 2,150122PILv,0,SPARE
HUAWEI,03054676,AE34AKI Interface Cell 1,150122PILv,0,SPARE
HUAWEI,03054839,AE11EX650 ATAE EX650 GE/10GE/FC SWITCING BOARD,150122PILv,2,SPARE
HUAWEI,03055053,CR5D0EMGFA7J 48-Port 100/1000Base-X-SFP Integrated Line Processing Unit E(LPUI-51-E),150122PILv,8,SPARE
HUAWEI,03056114,ANDD00EM8F01 8 Channels GE/FE Optical Interface Board,150122PILv,2,SPARE
HUAWEI,03057252,WD2DUMPTE201Universal Main Processing & Transmission Unit (2 Electrical FE/GE&2 Optical FE/GE/XGE -UMPTe2).,150124TJKn,22,SPARE
HUAWEI,03058118,ANDD03CXPA00 System Control -Cross-connect and Multi-protocol Process Unit,150122PILv,47,SPARE
HUAWEI,04040496,Trunk Cable -30mt -120ohm -1E1 -0.4mm -MP8-II -,150122PILv,230,SPARE
HUAWEI,04044337,Trunk Cable -155M/Clock -30mt -75ohm -3.9mm -SMB75SF-IV,150122PILv,366,SPARE
HUAWEI,04045658,SINGLE CABLE EXTERNAL CONNECT RF 2 MT ,150122PILv,360,SPARE
HUAWEI,04047780,RF Cable -2m -DIN50SM-II -COAX50-8.7/3.55 -DIN50SM-II -,150122PILv,0,SPARE
HUAWEI,04050386,LMA CABLE FOR BBU3900 DATA CAT5 USB,150122PILv,30,SPARE
HUAWEI,04070091,CABLE ALARM With Socket 26AWG 2P LVDS,150122PILv,4,SPARE
HUAWEI,04070244,Signal Cable -P&E Cable -70m -RP12SF(S) ETHERNET,150122PILv,25,SPARE
HUAWEI,04080276,CABLE FOR BBU 24AWG ALARM/MONITOR,150122PILv,44,SPARE
HUAWEI,04120119,Trunk Cable -20mt 120ohm -4E1 -0.4mm -D26M(3ROW) -120CC,150122PILv,10,SPARE
HUAWEI,04150302,POWER CABLE 0.7MT 2 -5*2L H07Z-K,150122PILv,1450,SPARE
HUAWEI,04150323,Power Cable 10M 2.5m LSZH,150122PILv,80,SPARE
HUAWEI,06040183,"WM1P0CIKVM02 KVM -KVM 4 in 1 Control Module -1U - 17"" LED - 8 KVM ports - With Power Cable -8 USB Straight signal cables/With mounting Accessories -English doc -110V/240V AC -Black -Compliant",150122PILv,2,SPARE
DELL,0YF1JW,2U Cable Management Arm -Customer Kit,150122PILv,90,SPARE
HUAWEI,2UCABLEMANAGEMENTARM,Assembly Kit,150122PILv,264,SPARE
ALCATEL,3AL78817AA,Service,150122PILv,0,SPARE
NOKIA,3AL78832AA,1660 SM Access Module for 21x2 Mbit/s 120 ohms,150122PILv,15,SPARE
NOKIA,3AL78849AA,1660 SM 3x34/45 Mbit/s HPROT,150122PILv,4,SPARE
NOKIA,3AL79088AC,1660SM TERMINATION BUS UNIT (Versiıons: AA01 - ),150122PILv,1,SPARE
NOKIA,3AL79088AC.AA01,3AL79088AC (version AA01),150122PILv,12,SPARE
NOKIA,3al79088acaa01,3AL79088AC (version AA01),150122PILv,0,SPARE
NOKIA,3AL79772AA,FAN UNIT FOR FAN SHELF 19,150122PILv,1,SPARE
NOKIA,3AL81502AA,1678-MCC POWER SUPPLY FILTER,150122PILv,7,SPARE
NOKIA,3AL92113AA,SSY-8XSTM1-4/8XOC3-12 PORT,150122PILv,0,SPARE
NOKIA,3AL98026AA,1662 SMC LPROT,150122PILv,13,SPARE
NOKIA,3AL98035AA,63X2MB/S PROT.120 OHM HM (4TE),150122PILv,3,SPARE
HUAWEI,3FE27505DA,Grounding Cable.2.5mm2 (3m),150122PILv,20,SPARE
NOKIA,3FE55849BA,7368 ISAM ONT G-080P-P - EU AC PLUG,150124TJKn,3,SPARE
ALCATEL,3FE64936AB,GPON 7360 ISAM FX Rack,150122PILv,0,SPARE
NOKIA,3HE00027CA.01,FTLF8519P2BTL-A5,150122PILv,44,SPARE
ALCATEL,3HE00035CA,SFP - OC-3/STM-1 IR-1 R6/6 DDM -40/85C,150122PILv,0,SPARE
HUAWEI,52413318,ODU(XMC-2-10G) Microwave ODU -RTN XMC -10G --2 -91MHz -Sub Band C -Low site -H -10556MHz -10587MHz -Without doc -WR-90 -H01.,150122PILv,3,SPARE
HUAWEI,52413319,ODU(XMC-2-10G) Microwave ODU -RTN XMC -10G --2 -91MHz -Sub Band C -High site -H -10647MHz -10678MHz -Without doc -WR-90 -H01.,150122PILv,8,SPARE
HUAWEI,52413606,ODU(XMC-2H-7G) Microwave Outdoor Unit -RTN XMC -7G --2H -154MHz -Sub Band F -Low site -H  -7212MHz -7268MHz -Without doc -WR-112 -H01,150122PILv,1,SPARE
HUAWEI,52413778,ODU XMC 3 Microwave ODU -RTN XMC -26G --3 -Low site -H -24829MHz -25165MHz -25837MHz -26173MHz -Without doc -WR-42 -H01 -1008MHz -Sub Band B -24829MHz -25165MHz,150122PILv,1,SPARE
HUAWEI,52413779,ODU XMC-3 Microwave ODU -RTN XMC -26G --3 -High site -H -25837MHz -26173MHz -24829MHz -25165MHz -Without doc -WR-42 -H01 -1008MHz -Sub Band B -25837MHz -26173MHz,150122PILv,2,SPARE
HUAWEI,52413845,ODU XMC-3 Microwave ODU -RTN XMC -38G --3 -High site -H -38304MHz -38892MHz -37044MHz -37632MHz -Without doc -WR-28 -H01 -1260MHz -Sub Band A -38304MHz -38892MHz,150122PILv,2,SPARE
HUAWEI,52413862,Description is not found,150124TJKn,11,SPARE
HUAWEI,52413863,Microwave ODU -RTN XMC -13G --3 -High site -H -13017MHz -13157MHz -12751MHz -12891MHz -Without doc -WR-75 -H01 -266MHz -Sub Band A -13017MHz -13157MHz.,150124TJKn,11,SPARE
HUAWEI,52414902,Microwave ODU -RTN XMC -26G --3E -Low site -H -24549MHz -24885MHz -25557MHz -25893MHz -1008MHz -Sub Band A -24549MHz -24885MHz,150122PILv,11,SPARE
HUAWEI,52414904,Microwave ODU -RTN XMC -26G --3E -Low site -H -24829MHz -25165MHz -25837MHz -26173MHz -1008MHz -Sub Band B -24829MHz -25165MHz,150122PILv,17,SPARE
HUAWEI,52414905,Microwave ODU -RTN XMC -26G --3E -High site -H -25837MHz -26173MHz -24829MHz -25165MHz -1008MHz -Sub Band B -25837MHz -26173MHz,150122PILv,15,SPARE
HUAWEI,52431738,A26S02HAC Microwave Antenna -A26S02HAC -26G -200mm -HP -Single Polarization -Direct(XMC)/Separate(All RTN ODU) Mount -32.4dBi -3.8deg -30dB -With Bracket,150122PILv,1,SPARE
HUAWEI,52431759,A80S03HAC Microwave Antenna -A80S03HAC -80GHz -300mm -HP -Single Polarization -Compact Mount -43.8dBi -0.9deg -27dB,150122PILv,2,SPARE
HUAWEI,52432439,Microwave Antenna -A26S03MAC-3NX -26G -300mm -UHP-M -Single Polarization -Direct(XMC)/Separate(All RTN ODU) Mount -37.05dBi -2.4deg -30dB,150124TJKn,32,SPARE
HUAWEI,52432444,A80S03MAC-3NX Microwave Antenna -A80S03MAC-3NX -80G -300mm -UHP-M -Single Polarization -Direct(XMC)/Separate(All RTN ODU) Mount -46dBi -0.8deg -30dB,150122PILv,5,SPARE
HUAWEI,52432465,A26S06MAC-3NX Microwave Antenna -A26S06MAC-3NX -26G -600mm -UHP-M -Single Polarization -Direct(XMC)/Separate(All RTN ODU) Mount -42dBi -1.3deg -30dB,150122PILv,4,SPARE
HUAWEI,52432477,03020PSS Microwave Antenna -A26D06MAC-3NX -26G -600mm -UHP-M -Dual Polarization -Direct(XMC)/Separate(All RTN ODU) Mount -41.2dBi -1.3deg -30dB,150122PILv,17,SPARE
HUAWEI,52450609,F81210000AHA Full Outdoor MicroWave -RTN 380 -81G --3 -F81210000AHA -10000MHz -Sub Band A -High site -S -81000MHz -86000MHz -POE -4 -Without doc -WR-12 -H01,150122PILv,1,SPARE
HUAWEI,52450847,Full Outdoor MicroWave -RTN 320 -38G --3 -F383HA -High site -H -38304MHz -38892MHz -37044MHz -37632MHz -DC -7 -Without doc -WR-28 -H01 -1260MHz -Sub Band A -38304MHz -38892MHz.,150124TJKn,1,SPARE
HUAWEI,52451243,52451243-rtn 510 MICROWAVE 5g,150124TJKn,6,SPARE
HUAWEI,52451253,Microwave Eqt (?),150124TJKn,4,SPARE
KATHREIN,80010864,2G/3G Antenna,150122PILv,0,SPARE
HUAWEI,A26D06MAC-3NX,52432477,150122PILv,0,SPARE
HUAWEI,A26S06MAC-3NX,52432465,150122PILv,0,SPARE
HUAWEI,A80S03HAC,52431759,150122PILv,0,SPARE
CISCO,A99-RP2-SE,CISCO ASR 9000 Board,150122PILv,10,SPARE
HUAWEI,ADU451503,027010829,150122PILv,0,SPARE
CISCO,ANT-2-WLAN-D-O,5.875GHz 7DBI RP-TNC Outdoor Dual Band Omni Antenna,150122PILv,312,SPARE
CISCO,ANT-3-4G2G1-O,GPS 3 in 1 Antenna,150122PILv,260,SPARE
HUAWEI,AQU4517R4,EasyRET 2H2L 8-Port Antenna with 4 Integrated RCU-1.4m,150122PILv,2,SPARE
AMPHENOL,AS-HM-ATT-100W-30-A,100W 30dB ATTENUATOR,150122PILv,174,SPARE
CISCO,ASR-9010-DC,CISCO ASR-9010 DC Chassis,150122PILv,3,SPARE
CISCO,ASR-9010-FAN,CISCO ASR-9010 FAN Tray,150122PILv,1,SPARE
CISCO,ASR-9900-RP-TR,ASR 99xx Route Processor 6GB for Packet Transport,VODAFONE,5,SPARE
CISCO,ASR5K-042GE-T-K9,QGLC Rev2 4-Port Ethernet 1000 Line Board w/Copper ,150122PILv,6,SPARE
CISCO,ASR5K-PFU,ASR5000 POWER FILTER UNIT - NON-REDUNDANT - SINGLE 1,150122PILv,3,SPARE
CISCO,ASR5K-SPIO-3PN-K9,Switch Processor I/O - 3-Pin BITS,150122PILv,3,SPARE
ERICSSON,BMG980336/4,PDU 02 01; Power Distr. Unit,150122PILv,32,SPARE
HUAWEI,CGDS0575930M,CABLE ALARM 30MT With Socket,150122PILv,10,SPARE
CISCO,CISCO867VAE-K9,Ethernet ADSL2+ Negro - Router,150122PILv,12,SPARE
COMBA,CM-DW2D-OA2I,OTHER,150122PILv,39,SPARE
COMBA,CM-KY2D-OA2D,Outdoor Dual-band Combiner,150122PILv,127,SPARE
LS,DBC-0822-3D,DUAL BAND Combiner,150122PILv,125,SPARE
CISCO,DS-X9530-SF2-K9,CISCO MDS 9500 Series Supervisor-2 Module,150122PILv,0,SPARE
ALVARION,DS11-R8-ETSI(V4),812505 REMOTE BRIDGE W/Antenna 15.5DBI 2 -4-2 -7GHZ,150122PILv,20,SPARE
CISCO,EHWIC-VA-DSL-M,MULTI MODE VDSL2 ADSL 2 EHWIC ANNEX Module,150122PILv,6,SPARE
ERAT,FC-SC-20MT-SM,Optical Cable FC-SC-20MT SINGLE MODE ,150122PILv,100,SPARE
ERAT,FC-SC-25MT-SM,Optical Cable FC-SC-25MT SINGLE MODE ,150122PILv,50,SPARE
ERAT,FC-SC-30MT-SM,Optical Cable FC-SC-30M SINGLE MODE ,150122PILv,20,SPARE
ERAT,FC-SC-5MT-SM,Optical Cable FC-SC-5MT SINGLE MODE ,150122PILv,100,SPARE
NEC,FMA16301T-1EU,3G SMALCELL OUTDOOR FEMTO ACCESS POINT,150122PILv,48,SPARE
CISCO,HWIC-2SHDSL,73-10248-01,150122PILv,3,SPARE
ERICSSON,KRC11842/2,RRUW;01 B1 Radio Unit RBS 3418,150122PILv,0,SPARE
ERICSSON,KRE1012249/1,Antenna 6503;Directional 1710-2180 MHz (Radio 220,150122PILv,8,SPARE
KINAN,KVM-1708A-X1.1,Single Rail 8-port 17” VGA LCD KVM Switch,150122PILv,2,SPARE
ERAT,LC-LC-10MT-SM,OPTICAL CABLKE LC-LC-10MT SINGLE MODE ,150122PILv,24,SPARE
ERAT,LC-LC-150MT-SM-Armoured,Optical Cable  150MT On-Reel Armored LC-LC-SINGLE MOD,150122PILv,11,SPARE
ERAT,LC-LC-200MT-SM,Optical Cable Armoured 200MT LC-LC-SINGLE MODE,150122PILv,6,SPARE
ERAT,LC-LC-2MT-SM,Optical Cable LC-LC-2MT SINGLE MODE ,150122PILv,227,SPARE
ERAT,LC-LC-3MT-SM,Optical Cable LC-LC-3MT SINGLE MODE ,150122PILv,2,SPARE
ERAT,LC-LC-SM-50MT-52020BIG,Optical Cable 50MT SINGLE MODE LC-LC,150122PILv,0,SPARE
ERAT,LC-SC-10MT-SM,Optical Cable LC-SC-10MT SINGLE MODE ,150122PILv,129,SPARE
ERAT,LC-SC-15MT-SM,Optical Cable LC-SC-15MT SINGLE MODE ,TTY-2,172,SPARE
ERAT,LC-SC-25MT-SM,Optical Cable LC-SC-25MT SINGLE MODE ,TTY-2,58,SPARE
CANOVATE,LC-SC-30MT-SM,Optical Cable SINGLE MODE LC-SC-30MT ,TTY-2,396,SPARE
ERAT,LC-SC-3MT-SM,Optical Cable LC-SC-3MT-SINGLE MODE ,150122PILv,48,SPARE
ERAT,LC-SC-50MT-SM,Optical Cable LC-SC-50MT SINGLE MODE ,150124TJKn,7,SPARE
ERAT,LC-SC-5MT-SM,Optical Cable LC-SC-5MT SINGLE MODE ,TTY-2,1116,SPARE
JUNIPER,MX2000-LC-ADAPTER,MX2000 Line Board Adapter - Spare,150122PILv,15,SPARE
CISCO,N7K-M148GT-11L.,NEXUS 7000 - 48 PORT 10/100/1000 Module WITH XL OP,150122PILv,1,SPARE
HENGXIIN,NKJ157,JUMPER CABLE 3.5m RFF - 1/2   - 7/16m-7/16 RIGHT ANGLE MAL,150122PILv,355,SPARE
CISCO,PWR-2KW-DC-V2,2KW DC Power Module Version 2,150122PILv,24,SPARE
CISCO,PWR-44KW-DC-V3,4.4KW DC Power Module Version 3,150122PILv,40,SPARE
ERICSSON,ROJ208304/1,XDB,150122PILv,18,SPARE
ERICSSON,RPM2534891/2000,OPTICAL SIGNAL CABLE,150122PILv,15,SPARE
CISCO,RSP720-3C-GE,CISCO 7600 Router,150122PILv,0,SPARE
FINISAR,RYT921609/1,SFP GB-TX  RJ45 Ethernet Transceiver 1000Base-T 1,150122PILv,0,SPARE
ERAT,SC-LC-10MT-SM,Optical Cable SC-LC-10MT SINGLE MODE ,150122PILv,26,SPARE
ERAT,SC-LC-5MT-SM,Optical Cable SC-LC-5MT SINGLE MODE ,150122PILv,275,SPARE
ERAT,SC-LC-7MT-SM,Optical Cable SC-LC-7MT SINGLE MODE ,150122PILv,48,SPARE
ERAT,SC-SC-10MT-SM,Optical Cable SC-SC-10MT SINGLE MODE ,150122PILv,7,SPARE
ERAT,SC-SC-15MT-SM,Optical Cable SC-SC-15MT SINGLE MODE ,150122PILv,41,SPARE
ERAT,SC-SC-20MT-SM,Optical Cable SC-SC-20MT SINGLE MODE ,150122PILv,10,SPARE
ERAT,SC-SC-25MT-SM,Optical Cable SC-SC-25MT SINGLE MODE ,150122PILv,133,SPARE
ERAT,SC-SC-2MT-SM,Optical Cable SC-SC-2MT SINGLE MODE CIFT KILLI,150122PILv,120,SPARE
ERAT,SC-SC-3MT-SM,Optical Cable SC-SC-3MT SINGLE MODE ,150122PILv,11,SPARE
ERAT,SC-SC-40MT-SM,Optical Cable SC-SC-40MT SINGLE MODE ,150122PILv,50,SPARE
ERAT,SC-SC-50MT-SM,Optical Cable SC-SC-50MT SINGLE MODE ,TTY-2,0,SPARE
ERAT,SC-SC-5MT-SM,Optical Cable SC-SC-5MT SINGLE MODE ,150122PILv,10,SPARE
ERAT,ST-ST-MM-10MT,Optical Cable Patchcord ST-ST Multimode 10mt x1,150122PILv,400,SPARE
ERAT,ST-ST-MM-5MT,Optical Cable PATCHCORD-ST-ST 5MT multimode x2,150122PILv,450,SPARE
TONGYU,TDJ-90152018D-33FT0,Antenna,VODAFONE,3,SPARE
ERICSSON,TSR432151/1000,CONNECTION/SIGNAL CABLE,150122PILv,75,SPARE
TONGYU,TYT-C122D001,DUAL BAND Combiner,150122PILv,14,SPARE
ERICSSON,UPA10134/2,UPA10134-2 Power Splitter 24-26GHZ System,150122PILv,52,SPARE
ERICSSON,UPA90114/2,Mini-Link UPA 901 14/2,150122PILv,75,SPARE
ERICSSON,URS19901/2S11,ANT2 I/F 38 HP/SHP  (Ericsson 38 GHz Single Polarization,150122PILv,40,SPARE
ANDREW,VHLP1-80-HW2,ANTENNA DIA 0.3m 80GHz  5psi(35kPa),150122PILv,1,SPARE
COMMSCOPE,VHLP2-80-HW2,Microwave Antenna.A80S06HAC.80G.600mm.HP.Single Polarization.Compact Mount.50.5dBi.0.5deg.25dB.With bracket,150122PILv,2,SPARE
COMMSCOPE,VHLPX2-11W-HW1A,Microwave Antenna -A10D06HAC -10&11G -600mm -HP -dual polarization -Direct(XMC)/Separate(All RTN ODU) Mount -34.5dBi -3.3deg -30dB,150122PILv,4,SPARE
CISCO,WS-F6700-DFC3B,Catalyst 6500 Policy Ftr Board/Dist Fwrd Board,150122PILv,1,SPARE
CISCO,WS-F6700-DFC3C,CISCO Catalyst 6500 Dist Fwd Board- 3CXL - for WS-X6,150122PILv,11,SPARE
CISCO,WS-F6700-DFC3CXL,CISCO Catalyst 6500 Dist Fwd Board- 3CXL - for WS-X6,150122PILv,3,SPARE
CISCO,WS-F6K-PFC3BXL,SUP720 PFC-3BXL,150122PILv,1,SPARE
CISCO,WS-X6704-10GE,  CISCO Catalyst 6500 04-port 10 Gigabit Ethernet fiber Module,150122PILv,0,SPARE
CISCO,WS-X6724-SFP,CISCO Catalyst 6500 24-port GigE Mod: fabric-enabl,150122PILv,1,SPARE